playerID,name,pos,height,weight,GP,minutes,points,oRebounds,dRebounds,rebounds,assists,steals,blocks,turnovers,PF,fgAttempted,fgMade,ftAttempted,ftMade,threeAttempted,threeMade
abdulma02,Mahmoud Abdul-Rauf,G,73,162,586,15628,8553,219,868,1087,2079,487,46,963,1106,7943,3514,1161,1051,1339,474
abdursh01,Julius Abdur-Rahim,F,81,225,830,28878,15028,1869,4370,6239,2109,820,638,2134,2324,11515,5434,4943,4006,519,154
adamsmi01,Michael Adams,G,70,162,334,10749,5346,216,824,1040,2455,532,30,845,676,4414,1799,1501,1290,1475,458
aguirma01,Mark Aguirre,F-G,78,232,243,5503,2871,272,606,878,473,136,46,371,578,2466,1109,748,547,325,106
aingeda01,Daniel Ainge,G-F,76,175,383,8397,3798,187,620,807,1137,308,48,443,813,3079,1391,638,528,1311,488
aldrila01,LaMarcus Aldridge,F,83,240,379,13183,6547,1066,1760,2826,633,303,386,547,1084,5467,2689,1495,1152,76,17
alexaco02,Courtney Alexander,G,77,205,187,4067,1690,124,285,409,227,111,18,203,377,1552,655,417,339,121,41
allenje01,Jerome Allen,G,76,184,117,1305,336,30,93,123,201,52,9,103,126,326,114,108,68,126,40
allenma01,Malik Allen,F,82,255,478,7263,2334,466,887,1353,228,130,220,320,897,2364,1039,325,253,17,3
allenra02,Walter Allen,G,77,205,1102,40800,22286,1153,3555,4708,3974,1281,213,2454,2531,17269,7809,4540,4056,6554,2612
alstora01,Rafer Alston,G,74,171,671,19391,6799,247,1644,1891,3202,813,105,1195,1408,6391,2450,1238,903,2815,996
aminual01,Al-Farouq Aminu,F,81,215,81,1452,457,75,192,267,60,59,25,103,121,406,160,119,92,143,45
anderch01,Chris Andersen,F-C,82,220,450,8119,2450,821,1545,2366,235,199,723,365,902,1705,862,1124,724,23,2
anderda03,David Andersen,C,83,245,103,1264,501,74,218,292,57,20,21,59,159,461,203,89,60,101,35
andergr01,Gregory Anderson,F-C,82,230,456,8364,2340,904,1780,2684,221,292,312,523,1116,1988,953,767,433,15,1
anderke01,Kenneth Anderson,G,72,168,858,25868,10789,670,1971,2641,5196,1258,111,1769,1974,9512,4002,2833,2238,1580,547
anderro01,Ronald Anderson,F-G,79,215,254,6391,2978,277,605,882,360,190,32,282,382,2693,1241,473,399,316,97
anderwi01,Willie Anderson,G-F,79,190,392,10448,3975,283,1010,1293,1369,333,222,704,953,3585,1632,774,623,325,88
anthoca01,Carmelo Anthony,F,80,220,591,21498,14681,1143,2605,3748,1810,659,274,1789,1783,11413,5236,4650,3746,1445,463
anthogr01,Gregory Anthony,G,72,176,757,15850,5497,271,1146,1417,2997,887,79,1043,1324,4750,1914,1445,1059,1748,610
anthojo01,Joel Anthony,C,81,245,244,4335,600,354,451,805,66,59,326,139,546,436,214,260,172,0,0
arenagi01,Gilbert Arenas,G,75,191,535,19140,11330,442,1708,2150,2891,873,133,1732,1648,8787,3696,3574,2872,3038,1066
armstda01,Darrell Armstrong,G,72,169,840,19914,7712,654,1616,2270,3394,1133,98,1556,1399,6507,2663,1679,1463,2763,923
artesro01,Metta World Peace,G-F,78,244,763,26048,11262,945,2744,3689,2324,1475,432,1582,2122,9591,4020,3223,2317,2625,905
askewvi01,Vincent Askew,G-F,77,210,453,9127,3261,394,760,1154,984,294,100,491,960,2460,1193,1059,799,253,76
atkinch01,Kenneth Atkins,G,71,160,696,17305,6863,194,992,1186,2396,465,36,1018,1284,6022,2479,1258,971,2565,934
augmost01,Stacey Augmon,G-F,78,205,1001,21659,7990,1304,1912,3216,1561,974,317,1248,1750,6480,3037,2616,1904,79,12
aventan01,Anthony Avent,F,81,235,352,6729,1958,560,1024,1584,278,166,211,416,824,2019,814,481,330,2,0
baglejo01,John Bagley,G,72,185,86,1852,549,39,130,169,503,59,4,165,136,533,232,103,75,43,10
baileth01,Thurl Bailey,F-C,83,215,358,7706,3257,378,1038,1416,343,137,341,383,579,2784,1280,866,697,9,0
banksma01,Arthur Banks,G,74,200,349,5577,2061,101,421,522,729,266,57,436,677,1718,741,591,454,385,125
barbole01,Leandro Barbosa,G,75,176,524,13108,6643,207,990,1197,1329,497,78,782,1159,5301,2467,1126,928,1995,781
bareajo01,Jose Barea Mora,G,71,175,314,5451,2248,92,456,548,923,117,14,390,442,1977,861,399,323,573,203
barklch01,Charles Barkley,F,77,250,605,21948,13152,2101,4876,6977,2531,887,359,1694,1612,9176,4697,4607,3358,1424,400
barnema02,Matt Barnes,F,79,235,497,10486,3602,593,1580,2173,845,348,172,609,1124,3008,1344,727,528,1176,386
barroea01,Earl Barron,C,84,245,110,1676,565,151,251,402,54,37,22,91,219,593,223,162,118,14,1
barryjo01,Jon Barry,G,76,195,821,13880,4715,318,1195,1513,1784,722,111,808,1016,3672,1595,1023,868,1676,657
bastoma01,Maceo Baston,F,81,215,105,832,286,56,119,175,26,24,43,54,140,172,106,96,71,8,3
battljo01,John Battle,G,74,175,275,5091,2534,67,283,350,550,120,18,284,394,2108,969,682,563,122,33
battlke01,Kenneth Battle,F,78,210,75,1066,385,94,109,203,68,63,20,59,120,312,150,107,82,26,3
bayleje01,Jerryd Bayless,G,75,200,198,3451,1509,52,290,342,516,80,12,277,382,1189,487,551,450,265,85
beaubro01,Rodrigue Beaubois,G,72,170,84,1196,633,19,111,130,138,49,20,101,160,522,249,82,65,193,70
bedfowi01,William Bedford,C,84,225,108,991,411,80,124,204,44,8,55,48,147,390,165,112,75,15,6
bellra01,Raja Bell,G,77,210,672,19018,6781,402,1517,1919,1170,471,128,674,1762,5774,2500,1076,859,2269,922
bendejo01,Jonathan Bender,F,83,198,262,3847,1453,153,429,582,170,43,169,258,391,1221,509,438,334,297,101
bennewi01,Winston Bennett,F,79,210,81,1167,310,93,133,226,66,27,11,53,172,318,120,97,70,1,0
biedran01,Andris Biedrins,F,83,240,410,9866,3141,1107,2176,3283,437,293,492,449,1394,2321,1382,738,377,2,0
birdla01,Larry Bird,F-G,81,220,105,3939,2072,99,844,943,737,150,91,312,200,1775,815,345,313,326,129
blakest01,Steven Blake,G,75,172,578,14398,4077,182,1032,1214,2303,395,37,801,856,3687,1498,480,377,1799,704
blankla01,Lance Blanks,G,76,190,142,1045,289,31,79,110,117,39,8,63,122,266,116,57,38,75,19
bledser01,Eric Bledsoe,G,73,195,81,1841,543,68,155,223,289,92,26,194,130,486,206,133,99,116,32
blounco01,Corie Blount,F,81,240,644,9926,2287,1085,1605,2690,460,328,265,519,1375,2038,959,624,366,26,3
boguemu01,Tyrone Bogues,G,63,136,650,19303,5279,398,1412,1810,4835,965,26,1062,1135,4702,2175,988,832,326,97
bogutan01,Andrew Bogut,C,84,245,396,12978,5043,1125,2584,3709,919,272,618,789,1298,4113,2159,1262,724,21,1
bondwa01,Walter Bond,G,77,200,153,2427,873,80,209,289,177,97,34,146,360,805,329,227,174,137,41
bonnema01,Matthew Bonner,F,82,240,495,9297,3378,520,1236,1756,368,222,149,239,1023,2738,1287,343,268,1296,536
booketr01,Trevor Booker,F,80,240,65,1063,346,98,153,251,35,29,42,38,115,253,139,101,68,1,0
boozeca01,Carlos Boozer,F-C,80,258,569,18572,9826,1500,4242,5742,1411,542,260,1287,1805,7515,4037,2414,1751,9,1
bowdlca01,James Bowdler,F,82,245,142,1382,424,90,182,272,29,42,45,43,155,403,163,125,96,11,2
bowenry01,Ryan Bowen,F,79,213,507,6501,1319,506,554,1060,250,325,138,168,752,1192,544,313,217,68,14
bowiesa01,Samuel Bowie,C-F,85,235,304,7968,3109,636,1397,2033,625,141,446,545,860,2747,1215,864,662,68,17
boykiea01,Earl Boykins,G,65,133,644,12850,5752,275,591,866,2076,389,34,749,654,4944,2064,1418,1242,1095,382
bradlmi01,Michael Bradley,F,81,225,173,2015,483,223,368,591,93,25,47,113,200,457,218,88,45,14,2
bremejr01,Ernest Bremer,G,73,185,100,1945,646,27,154,181,215,56,7,83,112,622,214,131,98,360,120
breweco01,Corey Brewer,G-F,81,185,245,6105,2170,227,569,796,418,309,72,353,609,2013,821,577,404,397,124
brezepr01,Primoz Brezec,C,85,243,342,6191,2452,563,764,1327,179,69,135,274,730,2034,1012,609,427,6,1
brickfr01,Francis Brickowski,F-C,81,240,357,8878,4152,463,1301,1764,744,337,149,752,1182,3205,1657,1033,784,153,54
brockjo01,Jonathan Brockman,F,79,255,115,1331,283,179,218,397,40,29,8,47,234,197,103,121,77,0,0
brooksc01,Scott Brooks,G,71,165,526,6890,2570,124,403,527,1095,364,27,348,607,2091,958,538,453,539,201
brownde01,DeCovan Brown,G,73,160,608,16843,6758,319,1250,1569,2227,800,205,920,1264,5823,2540,1300,1073,1697,605
brownkw01,Kwame Brown,C-F,83,240,576,12937,3937,1045,2157,3202,541,310,365,749,1327,3011,1480,1695,976,9,1
brownpj01,Collier Brown,C-F,83,225,1089,33822,9870,3002,5407,8409,1661,912,1116,1342,3218,8365,3852,2718,2158,59,8
brownti01,Tierre Brown,G,74,189,134,1653,527,41,125,166,266,64,4,143,95,526,202,121,93,85,30
bryanma01,Mark Bryant,F-C,81,245,683,12114,3865,1001,1666,2667,445,292,179,595,1781,3081,1549,1077,766,12,1
budinch01,Chase Budinger,G-F,79,218,152,3225,1422,90,411,501,215,75,29,115,199,1221,528,225,185,523,181
buechju01,Judson Buechler,F-G,78,220,720,8444,2385,431,835,1266,560,314,144,297,732,2221,961,316,200,718,263
burresc01,Scott Burrell,G-F,79,218,383,7592,2647,395,937,1332,527,341,180,337,865,2321,971,506,366,909,339
burttst01,Steven Burtt,G,74,185,35,391,216,12,25,37,65,18,4,37,63,186,84,64,46,9,2
butleca01,James Butler,F,79,217,589,21370,9754,971,2514,3485,1679,961,175,1333,1608,8172,3605,2597,2202,1071,342
butlemi02,Mitchell Butler,G-F,77,210,362,5464,1868,246,471,717,342,214,53,353,576,1613,707,576,359,313,95
bynumwi01,William Bynum,G,72,185,196,3754,1574,61,242,303,654,148,13,288,351,1334,596,435,349,133,33
caffeja01,Jason Caffey,F,80,255,462,9045,3368,841,1181,2022,420,209,110,647,1148,2652,1276,1282,816,8,0
caldejo01,Jose Calderon Borrallo,G,75,210,427,11841,4180,154,895,1049,2968,394,35,727,755,3332,1618,716,626,831,318
caldwad01,Adrian Caldwell,F-C,80,255,146,1272,293,144,243,387,26,45,23,94,201,262,122,109,49,3,0
campbel01,Elden Campbell,F-C,83,215,1045,25775,10805,1880,4236,6116,1199,702,1602,1378,3006,8835,4062,3832,2679,37,2
cardibr01,Brian Cardinal,F,80,245,412,6202,2065,282,734,1016,449,287,67,322,852,1573,650,618,532,604,233
carran01,Antoine Carr,F-C,81,225,608,12934,5983,681,1378,2059,645,212,571,702,1907,4844,2419,1474,1143,25,2
carrch01,Chris Carr,G,77,207,297,4505,1988,176,482,658,294,93,46,310,502,1753,730,457,369,470,159
carrode01,DeMarre Carroll,F,80,212,83,845,219,55,103,158,37,29,10,24,112,234,92,55,35,6,0
carrojo01,Joe Carroll,C-F,82,225,11,96,37,3,21,24,11,1,8,12,18,36,13,12,11,0,0
cartwbi01,James Cartwright,C,85,230,277,6207,1930,411,871,1282,363,88,50,318,605,1697,792,516,346,0,0
catlete01,Terry Catledge,F,80,220,150,4151,1998,443,507,950,172,96,26,270,340,1627,785,638,428,9,0
causwdu01,Duane Causwell,C,84,240,541,9409,2648,794,1479,2273,243,220,767,500,1471,2029,1029,952,588,7,2
chambto01,Thomas Chambers,F-C,81,220,392,9317,4952,442,1349,1791,593,233,174,523,1064,4184,1835,1480,1213,222,69
chandty01,Tyson Chandler,F-C,84,235,662,18286,5494,2016,3837,5853,516,342,891,1024,2062,3601,2046,2241,1402,6,0
chandwi01,Wilson Chandler,F,80,220,254,8142,3532,297,1031,1328,461,180,234,378,717,3109,1402,590,464,814,264
chapmre01,Rex Chapman,G,76,185,537,15561,7519,253,1026,1279,1490,476,98,817,948,6443,2813,1481,1195,1968,698
cheanca01,Calbert Cheaney,F-G,79,209,825,22007,7826,732,1878,2610,1398,659,198,994,2074,7227,3366,1288,890,684,204
chievde01,Derrick Chievous,F,79,195,18,110,43,11,7,18,2,3,1,6,16,46,17,16,9,0,0
chilcpe01,Peter Chilcutt,F-C,82,230,584,8394,2494,663,1272,1935,488,267,210,390,853,2366,1044,313,218,494,188
claxtsp01,Craig Claxton,G,71,166,334,8548,3096,194,636,830,1441,503,40,580,827,2753,1126,1053,802,218,42
cleavma01,Mateen Cleaves,G,74,205,167,1863,609,33,142,175,310,67,5,201,213,599,233,180,131,45,12
closske01,Keith Closs,C,87,212,130,1647,502,133,239,372,44,28,163,78,167,427,201,165,100,4,0
colembe01,Benjamin Coleman,F,81,235,9,77,28,10,16,26,0,2,2,7,9,25,12,8,4,0,0
colemde01,Derrick Coleman,F,82,230,781,25903,12884,2079,5153,7232,1985,606,1051,2036,2062,10335,4616,4326,3326,1105,326
collida01,Darren Collison,G,72,160,155,4469,1985,81,336,417,835,165,18,396,201,1659,774,406,350,239,87
collija03,Jarron Collins,F,83,252,542,8540,2097,645,934,1579,419,138,98,334,1316,1501,683,1046,731,5,0
collima01,Maurice Collins,G,78,220,189,2771,742,91,245,336,327,110,22,203,256,778,296,187,112,127,38
coltest01,R. Colter,G,75,165,76,1003,254,18,67,85,138,41,7,47,80,225,90,81,61,49,13
conloma01,Martin Conlon,F-C,82,224,379,6316,2454,498,812,1310,378,148,73,413,684,1942,967,687,505,75,15
connele01,Lester Conner,G,76,180,199,3024,654,110,259,369,555,231,17,167,215,546,241,236,172,15,0
cookbr01,Brian Cook,F,81,234,389,5374,2231,298,754,1052,242,129,129,241,741,1985,884,271,211,636,252
coopewa01,Artis Cooper,C-F,82,220,102,1090,224,92,197,289,43,11,88,37,177,227,92,53,40,1,0
corzida01,David Corzine,C,83,240,28,147,47,10,23,33,4,5,5,2,18,38,17,22,13,0,0
crawfja01,Aaron Crawford,G,77,175,752,24203,11572,310,1652,1962,2962,741,171,1551,1237,9871,4049,2561,2167,3729,1307
crittja01,Javaris Crittenton,G,77,198,113,1854,595,84,193,277,201,59,8,137,147,518,229,196,125,52,12
croshau01,Austin Croshere,F,81,235,659,11481,4475,700,1949,2649,627,245,216,656,1094,3659,1491,1236,1064,1262,429
cummipa01,Patrick Cummings,F-C,81,230,4,26,15,3,2,5,0,0,0,2,8,6,4,10,7,0,0
cummivo01,Vonteego Cummings,G,75,185,199,3789,1381,118,255,373,534,176,32,259,387,1359,521,317,230,340,109
curetea01,Earl Cureton,F-C,81,210,20,235,28,14,43,57,7,0,3,8,30,40,13,8,2,1,0
currymi01,Michael Curry,F-G,77,210,667,13209,2986,198,847,1045,804,333,66,459,1523,2448,1094,872,719,265,79
dailequ01,Quintin Dailey,G,75,180,41,397,215,13,31,44,20,12,2,29,31,192,82,78,51,2,0
dampier01,Erick Dampier,C-F,83,265,972,23923,7307,2713,4267,6980,813,329,1394,1432,2860,5587,2783,2779,1739,16,2
daniean01,Antonio Daniels,G,76,195,871,19673,6626,219,1394,1613,2934,564,85,929,917,5110,2271,2173,1724,1155,360
daniema01,Marquis Daniels,F,78,200,451,10134,3874,457,880,1337,854,437,118,571,769,3438,1588,855,615,357,83
dareyi01,Yinka Dare,C-F,84,265,110,1002,233,101,180,281,4,12,70,96,179,217,86,107,61,0,0
daughbr01,Bradley Daugherty,C,83,245,270,10118,5491,660,2164,2824,976,233,216,656,700,3682,1997,1930,1496,7,1
davisan01,Antonio Davis,F-C,81,215,903,26083,9041,2323,4432,6755,1017,430,889,1346,2551,7120,3187,3668,2665,23,2
davisbr01,Bradley Davis,G,75,180,113,1855,523,17,134,151,296,56,20,104,269,459,197,133,102,103,27
davisda01,Elliott Davis,F,81,230,1094,29607,8706,3303,5302,8605,978,691,1270,1090,2878,6779,3592,2708,1522,8,0
davisem01,Emanual Davis,G,76,194,226,3935,1100,79,361,440,396,167,29,267,344,1020,402,178,140,443,156
davisgl01,Ronald Davis,F,81,289,277,5810,2098,418,721,1139,224,183,83,274,753,1751,787,731,520,24,4
davisma02,Mark Davis,G-F,79,205,230,3681,1261,291,406,697,294,200,75,324,481,1071,473,438,287,114,28
daviste01,Terry Davis,F-C,81,225,417,9485,2763,1013,1645,2658,248,158,121,450,1005,2283,1080,994,600,18,3
daviswa03,Walter Davis,G-F,78,193,117,2224,1381,91,160,251,193,109,4,133,219,1265,588,211,189,52,16
dawkijo01,Johnny Dawkins,G,74,165,282,7050,2506,131,484,615,1402,287,15,509,401,2226,980,494,421,367,125
dayeau01,Austin Daye,F,82,200,141,2361,886,98,350,448,112,64,65,107,279,766,330,164,128,267,98
dayto01,Todd Day,G-F,78,184,483,12214,5917,578,1071,1649,713,532,291,717,1348,5017,2036,1727,1277,1646,568
deherte01,Lennox Dehere,G,76,190,402,7305,3235,144,444,588,1034,213,36,617,830,2632,1082,954,743,867,328
delfica01,Carlos Delfino,G-F,78,230,386,8355,2919,249,1138,1387,629,314,69,371,614,2596,1039,546,407,1196,434
diawbo01,Boris Diaw-Riffiod,G-F,80,203,623,19007,6089,866,2169,3035,2498,438,373,1270,1528,5105,2528,1074,763,805,270
dickada01,Daniel Dickau,G,72,190,299,4616,1745,75,330,405,752,164,12,323,514,1517,608,421,350,525,179
dienetr01,Travis Diener,G,73,175,179,2655,854,39,205,244,432,76,9,99,200,768,298,111,94,465,164
dioguik01,Ikechukwa Diogu,F,80,250,223,2784,1346,275,414,689,69,36,65,199,424,956,488,470,369,2,1
diopde01,Desagana Diop,C,84,280,552,7857,1138,790,1293,2083,234,216,601,328,1164,1108,480,373,177,5,1
dixonju01,Juan Dixon,G,75,164,436,8510,3678,155,661,816,775,341,34,552,733,3393,1400,657,547,972,331
donalja01,James Donaldson,C,86,275,189,4582,1235,325,827,1152,117,49,177,220,363,948,491,355,253,0,0
doubyqu01,Quincy Douby,G,75,175,143,1536,590,34,118,152,93,51,21,87,128,572,223,86,76,218,68
douglsh01,Sherman Douglas,G,72,180,684,18678,7270,488,978,1466,3917,640,66,1515,1428,5948,2872,2035,1377,545,149
douglto01,Toney Douglas,G,74,190,137,3058,1337,105,247,352,356,131,7,144,293,1146,493,175,140,558,211
dreilgr01,Gregory Dreiling,C,85,250,328,3336,744,212,567,779,148,69,106,174,693,619,288,266,165,9,3
drexlcl01,Clyde Drexler,G-F,79,210,535,19077,11008,1130,2242,3372,3016,961,348,1419,1519,8695,3913,3083,2455,2193,727
duckwke01,Kevin Duckworth,C,83,275,380,9240,3743,639,1363,2002,352,185,180,611,1152,3383,1534,935,670,21,5
dudlech02,Christen Dudley,C,83,235,706,13908,2768,1914,2819,4733,292,271,913,581,1995,2720,1107,1148,554,4,0
dudleja01,Jared Dudley,G-F,79,225,305,6677,2337,413,678,1091,360,280,55,238,535,1752,825,579,424,630,263
dumasri02,Richard Dumas,F,79,200,102,2226,1080,160,191,351,111,137,47,150,228,852,434,301,209,13,3
duncati01,Timothy Duncan,C-F,82,248,1053,37737,21663,3182,8830,12012,3296,784,2380,2756,2665,16459,8356,7161,4925,143,26
dunlemi02,Michael Dunleavy,G-F,81,221,627,17987,7565,538,2387,2925,1534,520,196,999,1345,6136,2708,1729,1378,2133,771
duprero01,Ronald Dupree,F,79,209,157,1757,555,116,223,339,100,57,29,90,252,510,218,204,114,13,5
eacklle01,Ledell Eackles,G-F,77,215,283,5762,2811,188,436,624,435,158,22,329,481,2399,1079,712,544,309,109
eatonma01,Mark Eaton,C,87,275,225,5707,852,405,1017,1422,108,93,472,202,680,662,347,249,158,0,0
edneyty01,Tyus Edney,G,70,152,226,4743,1728,122,271,393,910,217,6,395,387,1438,583,617,497,202,65
edwarbl01,Theodore Edwards,G-F,76,200,622,16520,6858,629,1496,2125,1264,652,261,1035,1643,5798,2735,1387,1093,878,295
edwarja01,James Edwards,C-F,84,225,297,4966,2391,212,515,727,200,56,89,314,802,1961,906,806,578,3,1
ehlocr01,Joel Ehlo,G-F,78,180,499,13260,4738,579,1311,1890,1460,606,123,740,985,4211,1886,737,518,1231,448
eisleho01,Howard Eisley,G,74,177,786,16011,5116,208,1116,1324,2748,540,83,1172,1701,4617,1881,1013,838,1474,516
eliema01,Mario Elie,G-F,77,205,732,18654,6265,520,1497,2017,1875,671,129,960,1438,4492,2123,1692,1445,1572,574
ellinwa01,Wayne Ellington,G,76,200,138,2565,915,59,208,267,146,48,8,127,157,845,350,123,103,283,112
ellisda01,Dale Ellis,G-F,79,205,704,20233,9755,641,1537,2178,888,502,86,850,1344,7949,3723,1476,1158,2861,1151
ellisla01,LaPhonso Ellis,F,80,240,624,17616,7410,1320,2712,4032,981,433,477,1001,1934,6409,2895,1888,1379,797,241
ellismo01,Monta Ellis,G,75,175,376,13363,7276,323,1077,1400,1595,637,115,1014,933,6003,2815,1747,1345,910,301
elsonfr01,Francisco Elson,C,83,230,467,7194,1724,497,1140,1637,259,227,254,354,1000,1515,724,390,273,16,3
englial01,Alexander English,F,79,190,79,1748,763,108,146,254,105,40,25,101,141,734,322,140,119,1,0
evansbr01,Brian Evans,F,80,220,102,1097,375,56,108,164,77,35,18,42,115,378,144,61,50,108,37
evansre01,Reginald Evans,F-C,80,245,572,11175,2432,1412,2563,3975,345,402,89,640,1368,1759,819,1516,793,9,1
ewingda01,Daniel Ewing,G,75,185,127,1683,431,32,126,158,174,69,10,107,148,416,162,91,71,122,36
farmeji01,James Farmer,G,76,190,31,485,259,29,41,70,42,13,2,43,61,229,103,65,48,25,5
farmeto01,Anthony Farmer,F,81,225,101,1368,532,134,193,327,79,76,20,91,190,365,144,304,234,53,10
favorde01,Derrick Favors,F,82,246,78,1535,533,171,241,412,39,29,68,77,246,416,215,173,103,0,0
feitlda01,Dave Feitl,C,83,235,86,547,219,50,111,161,14,5,15,44,74,217,85,63,49,3,0
fernaru01,Rudolfo Fernandez Farres,G-F,78,185,218,5255,1986,119,424,543,478,218,37,246,332,1628,641,387,331,1025,373
fesenky01,Kyrylo Fesenko,C,84,235,132,1090,297,95,165,260,39,17,53,66,222,247,123,128,51,2,0
fieldla01,Landry Fields,G-F,79,210,82,2541,797,105,416,521,155,80,17,107,114,602,299,147,113,219,86
finlemi01,Michael Finley,G-F,79,215,1103,38004,17306,1120,3684,4804,3245,996,323,1629,1812,15095,6696,3032,2460,3880,1454
fizerma01,Darnell Fizer,F,80,260,289,6032,2782,375,965,1340,352,134,81,428,648,2536,1103,803,555,110,21
flemive01,Vern Fleming,G,77,180,413,8655,3512,311,662,973,1396,303,41,650,669,2865,1397,951,698,120,20
fortsda01,Daniel Fortson,F,79,260,440,8832,3615,1195,1989,3184,301,182,94,655,1553,2534,1196,1556,1221,12,2
fosteje01,Jeffrey Foster,F-C,83,230,753,15621,3722,2082,3125,5207,699,499,307,606,1895,2942,1463,1286,790,53,6
foxri01,Ulrich Fox,G-F,78,230,930,23723,8966,996,2521,3517,2649,967,355,1611,2739,7519,3382,1858,1431,2208,771
foyera01,Randy Foye,G,76,210,324,8851,3801,125,668,793,1097,241,81,570,732,3284,1359,823,709,1040,374
foylead01,Adonal Foyle,C-F,82,250,733,13061,2989,1301,2160,3461,344,264,1193,597,1575,2766,1318,707,353,2,0
francst01,Steve Francis,G,75,193,576,21633,10446,960,2255,3215,3473,846,223,2030,1813,8267,3543,3494,2785,1684,575
fredean01,Anthony Frederick,F,79,205,101,1327,566,111,117,228,115,62,39,98,141,538,228,152,106,17,4
fryech01,Channing Frye,C,83,248,436,10291,4159,508,1694,2202,409,222,285,426,1265,3580,1612,710,572,900,363
fulleto02,Todd Fuller,F-C,83,255,225,2500,835,240,434,674,46,34,60,146,351,752,317,301,201,4,0
gadzuda01,Daniel Gadzuric,C,83,240,525,7777,2467,909,1412,2321,196,242,447,356,1246,2099,1050,735,367,8,0
gainesu01,Sundiata Gaines,G,73,195,56,517,217,19,48,67,81,28,1,41,42,187,80,82,41,64,16
gallida01,Danilo Gallinari,F,82,225,171,5264,2361,137,621,758,254,140,89,208,383,1692,713,725,614,853,321
garcifr01,Francisco Garcia,G-F,79,195,373,8748,3408,235,836,1071,575,321,275,451,928,2773,1225,694,561,1078,397
garlawi01,Winston Garland,G,74,170,286,6846,2249,193,471,664,1184,305,49,463,695,2022,876,557,459,142,38
garrito01,Thomas Garrick,G,74,185,107,1498,397,52,131,183,321,98,6,110,155,379,159,105,78,26,1
gasolma01,Marc Gasol Saez,C,85,265,232,7575,2934,563,1251,1814,508,206,335,445,784,2003,1092,1045,747,9,3
gattike01,Kenneth Gattison,F-C,80,225,352,7873,3146,582,1277,1859,369,231,263,447,1089,2375,1240,1026,666,8,0
gayru01,Rudy Gay,F,81,220,372,13378,6607,538,1553,2091,699,489,334,837,975,5534,2527,1510,1159,1118,394
geigema01,Matthew Geiger,C,84,243,552,12221,5059,1152,2006,3158,388,306,347,744,1629,4083,2039,1325,965,69,16
georgde01,Devean George,G-F,80,220,630,11684,3536,546,1429,1975,543,436,230,447,1270,3360,1318,656,473,1246,427
georgta01,Tate George,G,77,190,177,2019,736,65,115,180,325,76,11,157,182,717,297,172,141,14,1
gibsoda01,Daniel Gibson,G,74,190,316,7481,2602,126,505,631,617,187,66,297,653,2151,894,442,347,1117,467
gibsota01,Taj Gibson,F,81,225,162,3946,1304,388,681,1069,128,89,210,185,485,1131,545,323,213,8,1
gilled01,Eddie Gill,G,72,190,187,2030,571,28,179,207,217,104,14,139,209,496,179,177,150,197,63
gilliar01,Armen Gilliam,F-C,81,230,724,20068,9438,1607,3220,4827,865,495,500,1276,1478,7305,3544,2961,2350,15,0
glassge01,Gerald Glass,G-F,77,221,201,3347,1553,228,284,512,298,130,58,179,361,1583,686,241,155,110,26
glovedi01,Micaiah Glover,G,77,220,294,6131,2407,213,684,897,455,233,65,370,487,2222,914,570,431,467,148
goldwan01,Anthony Goldwire,G,73,175,266,4951,1667,72,287,359,737,167,9,264,388,1425,580,380,301,533,206
gordobe01,Benjamin Gordon,G,75,200,542,16338,9148,293,1218,1511,1529,416,84,1225,1394,7400,3221,2043,1754,2357,952
gortama01,Marcin Gortat,F-C,83,240,230,3954,1367,356,918,1274,103,72,215,154,441,1034,573,316,219,8,2
grahagr01,Gregory Graham,G,76,174,207,2530,938,59,160,219,201,128,12,179,213,813,331,293,227,169,49
grahajo01,Joey Graham,F,79,225,377,6117,2239,272,786,1058,207,134,43,309,804,1776,857,578,471,180,54
grahast01,Stephen Graham,G,78,215,240,2959,984,79,357,436,120,57,24,157,353,864,384,210,162,174,54
grangda01,Danny Granger,F,80,225,447,14853,8128,539,1810,2349,924,471,412,912,1347,6212,2745,2169,1830,2098,808
grantga01,Gary Grant,G,75,185,437,9149,2947,208,642,850,2065,569,55,804,910,2793,1262,427,338,299,85
grantho01,Horace Grant,F-C,82,215,925,31232,10353,2836,4850,7686,2091,914,937,979,2130,8554,4334,2416,1681,56,4
grayeje01,Jeffrey Grayer,F-G,76,200,356,6650,2628,466,576,1042,506,213,54,383,592,2365,1080,657,434,127,34
greenac01,A.C. Green,F-C,81,220,871,24915,7872,2219,4097,6316,976,667,267,878,1453,6023,2911,2693,1944,413,106
greendo01,Donte Greene,F,83,226,200,3484,1256,121,346,467,149,93,87,190,306,1175,477,239,162,437,140
greenge01,Gerald Green,F,80,200,181,2890,1362,105,263,368,145,72,37,207,335,1208,507,269,218,363,130
greenje02,Jeffrey Green,F,81,228,315,10584,4367,405,1342,1747,516,284,189,565,831,3706,1650,1012,782,846,285
greenli01,Litterial Green,G,73,185,148,1189,423,24,51,75,182,49,6,78,124,343,144,200,133,26,2
greenri01,Rickey Green,G,72,170,105,2615,899,36,125,161,481,74,7,126,158,825,380,159,130,40,9
greenwi01,Willie Green,G,76,200,499,10851,4626,184,786,970,805,293,74,559,912,4394,1866,769,581,973,313
griffda01,Darrell Griffith,G,76,190,75,1005,430,17,73,90,37,42,7,48,100,445,174,45,34,138,48
haddaha01,Hamed Haddadi,C,86,254,86,528,185,66,124,190,23,4,39,40,106,151,69,72,47,4,0
haleyja01,Jack Haley,C-F,82,240,223,1915,709,204,347,551,46,31,36,118,348,597,259,305,191,2,0
hamda01,Darvin Ham,F,79,220,417,5178,1139,472,491,963,229,136,154,308,766,856,443,504,249,16,4
hamilri01,Richard Hamilton,G-F,78,185,843,27769,14892,758,1945,2703,2922,678,125,1844,2180,12503,5625,3691,3145,1432,497
hancoda01,Darrin Hancock,G-F,79,205,133,1395,467,58,111,169,89,56,10,97,157,370,196,126,73,6,2
hansebo01,Robert Hansen,G,78,190,104,1620,402,50,123,173,159,47,8,62,206,434,175,58,26,96,26
hardaan01,Anfernee Hardaway,G-F,79,195,704,23714,10684,975,2171,3146,3525,1125,312,1786,1562,8731,3995,2831,2191,1591,503
hardati01,Timothy Hardaway,G,72,175,788,27963,14211,487,2058,2545,6406,1263,117,2221,1795,12091,5176,2987,2340,4261,1519
harpede01,Derek Harper,G,76,185,634,20143,8284,299,1071,1370,3140,871,96,1216,1450,7122,3134,1768,1306,1966,710
harpero01,Ronald Harper,G-F,78,185,753,22087,8833,893,2186,3079,2625,1119,478,1418,1591,7814,3364,2296,1648,1530,457
harrial01,Albert Harrington,F,81,230,873,25619,12051,1402,3583,4985,1524,782,233,1685,2798,10281,4581,2815,2055,2344,834
harride01,Devin Harris,G,75,185,480,13523,6378,198,1001,1199,2412,579,104,1073,1197,4793,2114,2294,1849,986,301
harriju01,Lorinza Harrington,G,76,180,140,3096,733,69,312,381,428,126,25,250,401,782,290,193,133,73,20
harriot01,Othella Harrington,F-C,81,235,709,13926,5212,1087,2043,3130,443,185,286,948,1868,4001,2021,1585,1170,11,0
harvean01,Antonio Harvey,F-C,83,225,187,1954,553,155,278,433,58,54,130,108,255,565,230,180,92,3,1
hassetr01,Trenton Hassell,G,74,200,644,16283,3741,541,1285,1826,1132,282,272,597,1399,3481,1549,716,548,299,95
hawessp01,Spencer Hawes,C,84,244,301,6809,2517,490,1189,1679,472,119,287,444,778,2352,1095,388,248,260,79
haywago01,Gordon Hayward,F,80,207,72,1218,388,41,98,139,81,30,19,70,106,293,142,97,69,74,35
hendece02,Cedric Henderson,F,79,215,260,6182,1885,170,585,755,419,228,111,401,578,1797,783,438,313,43,6
hensost01,Steven Henson,G,71,177,238,2282,739,46,130,176,465,88,2,175,283,631,254,145,126,243,105
herreca01,Carl Herrera,F,81,215,465,8042,2481,577,1113,1690,261,237,204,447,934,2183,1039,624,401,14,2
herrmwa01,Walter Herrmann Heinrich,F-C,81,225,152,1944,819,78,241,319,66,31,12,61,143,681,312,103,81,299,114
hilarne01,Nene,F-C,83,260,527,15614,6492,1140,2511,3651,953,658,484,1014,1795,4303,2423,2423,1644,21,2
hillge01,George Hill,G,74,180,231,5697,2286,96,466,562,555,180,68,274,525,1743,790,653,530,465,176
hillty01,Tyrone Hill,C-F,81,240,801,22388,7532,2396,4458,6854,647,614,379,1244,2893,5643,2834,2901,1864,13,0
hinriki01,Kirk Hinrich,G,75,190,586,19662,7640,224,1710,1934,3293,730,164,1237,1784,6676,2788,1451,1177,2332,887
hinsoro01,Roy Hinson,F-C,81,210,9,91,41,6,13,19,4,0,3,6,14,39,20,3,1,0,0
hodgedo01,Donald Hodge,C,84,230,249,3501,1182,306,503,809,191,84,95,236,531,1057,462,357,254,14,4
hoibefr01,Fredrick Hoiberg,G,76,203,541,9977,2944,143,1295,1438,846,428,59,292,783,2227,959,765,653,941,373
holliry01,Ryan Hollins,C,84,230,274,3565,1172,258,369,627,99,62,149,227,612,745,415,515,342,1,0
hopsode01,Dennis Hopson,G-F,77,195,132,2042,1007,154,161,315,167,92,53,159,194,837,380,336,234,52,13
hornaje01,Jeffrey Hornacek,G,75,190,770,25395,12221,646,1975,2621,3578,1113,189,1426,1751,9212,4541,2704,2407,1775,732
horryro01,Robert Horry,F,81,220,1107,27065,7715,1644,3625,5269,2343,1158,1035,1378,2680,6643,2820,1762,1280,2329,795
houseed01,Edward House,G,72,176,717,12409,5356,164,1059,1223,1112,469,58,571,927,5076,2078,450,383,2096,817
houstby01,Byron Houston,F,77,250,214,2674,835,237,411,648,114,103,86,173,543,673,307,312,211,39,10
howarju01,Juwan Howard,F-C,81,240,1172,36461,16118,2333,5050,7383,2647,815,312,2447,3465,13898,6525,4009,3061,56,7
humphja01,John Humphries,G,75,185,322,8841,3477,180,507,687,1559,423,42,543,886,2991,1387,698,546,480,157
hunteli01,Lindsey Hunter,G,74,170,937,23252,7956,438,1583,2021,2506,1121,165,1159,1857,7663,2970,1261,941,2984,1075
ibakase01,Sergeballu Ibaka,F,82,235,155,3539,1269,352,667,1019,32,56,295,139,461,987,536,276,196,3,1
iguodan01,Andre Iguodala,F,78,207,553,21006,8651,603,2609,3212,2651,969,280,1345,1195,6528,3014,2867,2136,1507,487
ilyaser01,Ersan Ilyasova,F,81,235,207,4376,1813,320,751,1071,189,131,64,185,557,1599,683,351,276,510,171
iuzzomi01,Michael Iuzzolino,G,70,172,122,3049,1096,58,180,238,522,82,7,221,180,833,381,277,221,280,113
iveyro01,Royal Ivey,G,75,200,403,5106,1400,130,345,475,459,193,35,227,647,1311,534,309,225,307,107
jackja01,Jarrett Jack,G,75,202,487,13155,5026,161,1112,1273,1940,390,41,924,900,3915,1745,1405,1195,975,341
jacksda01,Darnell Jackson,F,81,253,138,1033,308,90,113,203,26,24,11,50,159,274,123,90,58,17,4
jacksja01,Jaren Jackson,G-F,76,190,403,7050,2303,191,571,762,487,245,52,330,709,2146,840,364,277,977,346
jacksma01,Mark Jackson,G,73,180,1060,30967,9347,949,2959,3908,8243,1155,100,2460,1702,7944,3549,2129,1663,1716,586
jacobca01,Casey Jacobsen,G-F,77,215,287,5321,1488,118,398,516,304,121,24,210,372,1210,476,425,327,594,209
jameshe01,Henry James,F,80,220,212,2703,1292,106,212,318,87,48,18,134,306,1139,472,242,196,402,152
jamesle01,LeBron James,F,80,240,627,25174,17362,758,3693,4451,4364,1079,532,2086,1233,12888,6173,5580,4153,2623,863
jamesmi01,Michael James,G,74,188,528,13303,5526,201,1034,1235,1890,426,33,821,1075,4791,2013,1081,868,1673,632
jasiksa01,Sarunas Jasikevicius,G,76,195,138,2530,933,34,188,222,399,66,5,206,183,751,298,228,207,366,130
jeffeal01,Al Jefferson,F,82,256,489,14583,7757,1348,2979,4327,624,322,660,764,1399,6490,3257,1765,1243,21,0
jeffrja01,Jared Jeffries,F,81,215,551,12478,2789,1071,1279,2350,757,400,292,627,1380,2530,1088,941,543,274,70
jennibr01,Brandon Jennings,G,73,169,145,4840,2289,91,425,516,775,200,39,346,322,2142,812,519,422,691,243
jerebjo01,Jonas Jerebko,F,83,231,80,2232,741,194,284,478,58,79,29,82,230,603,290,176,125,115,36
jianlyi01,Jianlian Yi,F,83,238,200,4768,1649,317,725,1042,142,109,152,236,477,1542,626,467,366,107,31
johnsam01,Amir Johnson,F,81,210,289,5148,1704,549,812,1361,186,146,310,215,853,1200,703,417,296,11,2
johnsav01,Avery Johnson,G,70,175,958,25749,8609,347,1337,1684,5611,960,150,1682,1570,7339,3538,2134,1508,173,25
johnsde03,DerMarr Johnson,G-F,81,201,344,5929,2121,192,577,769,304,198,149,349,598,1872,770,389,307,815,274
johnser02,Ervin Johnson,C,83,245,845,16988,3473,1677,3471,5148,387,471,1087,724,2430,2756,1393,1133,685,10,2
johnsfr01,Franklin Johnson,G,73,185,147,1997,656,70,125,195,334,101,9,145,231,611,270,145,113,24,3
johnsja01,James Johnson,F,81,245,103,1579,527,71,199,270,137,54,80,126,221,447,203,141,98,80,23
johnske02,Kevin Johnson,G,73,180,500,17183,9080,363,1240,1603,4437,749,114,1527,1017,6277,3089,3306,2757,437,145
johnsli01,Linton Johnson,F,80,205,151,2111,582,159,334,493,65,84,63,100,271,574,239,103,72,105,32
johnsma02,Earvin Johnson,G-F,80,215,111,3891,1999,145,589,734,1209,128,30,417,198,1270,603,774,691,308,102
johnsvi01,Vincent Johnson,G,74,200,142,3740,1436,177,285,462,416,116,29,192,259,1435,608,294,190,94,30
jonesch01,Charles Jones,F-C,81,215,331,5500,466,447,859,1306,201,154,371,142,775,392,185,179,96,2,0
jonesda01,Damon Jones,G,75,185,656,13418,4299,118,962,1080,1796,257,22,552,690,3708,1510,479,347,2396,932
jonesed02,Eddie Jones,F-G,78,190,907,31855,13979,743,2982,3725,2743,1594,572,1478,2411,11106,4866,3380,2735,4031,1512
jonesfr01,Frederick Jones,G,74,210,430,10307,3206,157,801,958,990,336,115,511,831,2651,1090,841,680,979,346
jonesju01,Jumaine Jones,F-C,80,218,471,9780,3325,552,1435,1987,408,307,144,388,870,3052,1294,443,312,1218,425
jonespo01,Ronald Jones,F,80,243,535,12579,3726,1623,2358,3981,696,300,161,603,1501,3523,1574,736,553,89,25
jordare01,Reginald Jordan,G,76,190,186,1662,500,180,163,343,190,92,31,104,201,420,182,229,134,6,2
kamanch01,Christopher Kaman,C,84,255,493,14656,5813,1091,3016,4107,635,238,707,1122,1473,4871,2374,1443,1065,16,0
kaponja01,Jason Kapono,F,80,213,482,8807,3344,162,667,829,406,177,25,321,757,2970,1315,318,265,1027,449
keefead01,Adam Keefe,F,81,230,617,10334,3107,999,1557,2556,427,307,173,545,1114,2230,1120,1213,866,14,1
kempsh01,Shawn Kemp,F-C,82,230,970,28175,14822,2880,5608,8488,1678,1138,1209,2659,3622,10854,5302,5646,4187,107,31
kerrst01,Stephen Kerr,G,75,175,806,14386,4863,171,774,945,1386,424,39,424,776,3785,1830,644,558,1438,645
kerseje01,Jerome Kersey,F,79,215,678,15405,5515,1189,2179,3368,1120,798,449,783,1889,5144,2251,1432,968,200,45
khryavi01,Viktor Khryapa,F,81,210,143,2351,643,168,324,492,142,86,48,139,353,567,251,193,127,48,14
kimblbo01,Gregory Kimble,G-F,76,190,105,1336,574,58,104,162,98,41,14,98,205,562,217,158,115,86,25
kingal01,Albert King,F-G,78,190,6,59,31,1,10,11,5,3,0,2,7,30,11,8,7,7,2
kinseta01,Tarence Kinsey,G,78,189,109,1337,511,42,105,147,53,68,1,71,102,411,186,142,116,71,23
kitegr01,Gregory Kite,C,83,250,258,4730,754,445,830,1275,118,70,162,221,719,689,314,247,126,2,0
kittlke01,Kerry Kittles,G,77,179,507,16929,7165,513,1470,1983,1295,811,221,621,893,6337,2779,1171,913,1838,694
knighbr01,Brevin Knight,G,70,170,729,18172,5342,282,1503,1785,4481,1229,87,1367,1857,4897,2019,1632,1288,119,16
kofoeba01,Bart Kofoed,G-F,76,210,56,301,86,8,22,30,65,4,3,25,31,69,28,46,29,8,1
koncajo01,Jon Koncak,C-F,84,250,443,9449,1553,432,1452,1884,601,325,458,261,1335,1603,695,250,144,76,19
koufoko01,Kostantine Koufos,C,84,265,134,1173,437,123,190,313,33,24,60,72,155,382,184,109,69,2,0
krystla01,Larry Krystkowiak,F-C,81,220,206,4190,1486,264,631,895,246,121,31,232,510,1307,591,387,304,7,0
kukocto01,Toni Kukoc,G-F,82,192,846,22212,9810,1016,2539,3555,3119,817,290,1544,1465,8127,3633,2487,1813,2184,731
laettch01,Christian Laettner,F-C,83,235,868,25764,11121,1621,4185,5806,2224,917,675,1932,2768,8405,4036,3604,2957,353,92
laneje01,Jerome Lane,F,78,230,97,1709,559,336,361,697,157,65,18,126,252,561,243,188,72,4,1
langan02,Antonio Lang,F-G,80,205,143,1395,329,80,130,210,50,55,46,88,207,266,121,121,87,8,0
langhda01,Daniel Langhi,F,83,220,133,1252,393,54,145,199,39,30,12,35,106,440,172,62,38,38,11
lawac01,Acie Law,G,75,195,188,2385,725,33,162,195,309,83,4,145,193,637,263,221,172,115,27
lawsoty01,Tywon Lawson,G,71,195,145,3419,1475,109,224,333,580,128,6,219,222,1078,547,365,278,254,103
leckner01,Eric Leckner,C-F,83,265,297,3905,1185,266,761,1027,176,61,95,254,683,961,468,389,249,5,0
leeda02,David Lee,F,81,249,441,13693,5978,1247,2995,4242,944,372,165,749,1217,4434,2422,1460,1133,16,1
lenarvo01,Voshon Lenard,G,76,205,565,15350,6745,347,1262,1609,1180,424,131,748,1212,5892,2444,1171,921,2437,936
leverfa01,Lafayette Lever,G,75,170,116,2917,931,142,317,459,332,211,30,134,233,929,371,192,146,129,43
lewisra02,Rashard Lewis,F,82,215,906,31052,14809,1341,3752,5093,1651,1018,509,1477,2224,11773,5358,2996,2419,4293,1674
lewisre01,Reginald Lewis,G-F,79,195,241,9092,4847,324,827,1151,684,341,267,416,740,4026,1964,1059,899,94,20
lichtto01,Todd Lichti,G-F,76,205,158,2914,1240,128,226,354,209,124,32,159,271,1081,483,314,255,64,19
livinra01,Randy Livingston,G,76,209,203,2684,773,74,208,282,415,121,31,223,297,749,304,170,131,97,34
lohaubr01,Brad Lohaus,C-F,83,230,429,6503,2323,255,822,1077,431,199,318,310,805,2112,905,248,172,925,341
longjo01,John Long,G-F,77,195,57,626,225,15,57,72,39,18,4,38,45,202,81,53,49,40,14
longllu01,Lucien Longley,C,86,260,567,12006,4090,872,1922,2794,836,278,549,942,1730,3647,1685,947,720,5,0
lopezbr01,Brook Lopez,C,84,260,246,8420,4283,692,1170,1862,402,146,410,527,748,3282,1655,1215,973,5,0
lopezra01,Raul Lopez Molist,G,72,180,113,2135,733,31,163,194,428,84,5,221,278,652,280,150,128,130,45
loveke01,Kevin Love,F,82,260,214,6374,3217,831,1673,2504,404,123,101,390,489,2360,1089,1111,914,336,125
lucasjo02,John Lucas,G,71,165,62,500,186,11,30,41,46,22,0,22,44,195,77,21,15,69,17
luety01,Tyronn Lue,G,72,175,554,12571,4710,132,811,943,1727,286,10,659,1057,4039,1765,868,720,1175,460
maccuto01,Todd MacCulloch,C,84,255,223,3439,1369,340,548,888,121,61,177,154,478,1049,568,363,233,0,0
maconma01,Mark Macon,G,76,185,251,5018,1685,173,294,467,428,349,20,323,587,1806,694,358,263,126,34
maggeco01,Corey Maggette,F-G,78,218,777,22215,12623,889,2983,3872,1638,562,136,1798,2213,8520,3899,5343,4391,1344,434
majerda01,Daniel Majerle,G-F,78,215,828,26608,9649,919,2707,3626,2437,1031,314,986,1611,8041,3473,1859,1389,3636,1314
malonma01,Matthew Maloney,G,75,192,295,7470,2177,62,438,500,852,240,14,381,376,1920,783,266,212,1073,399
malonmo01,Moses Malone,C-F,82,215,247,5294,2541,739,990,1729,208,118,166,367,343,1836,848,1056,841,18,4
marcisa01,Raimondas Marciulionis,G,77,200,288,6428,3726,208,390,598,686,365,24,578,741,2552,1282,1370,1045,305,117
mariosh01,Shawn Marion,F,79,215,899,32658,15151,2245,6166,8411,1728,1500,1086,1421,2154,12745,6186,2584,2101,2041,678
marshdo01,Donyell Marshall,F,81,218,958,25031,10716,1898,4478,6376,1305,790,848,1292,2173,9411,4096,2219,1622,2578,902
martica01,Cartier Martin,F,79,220,103,1198,436,52,123,175,47,37,11,44,133,395,149,95,72,181,66
martida01,Darrick Martin,G,71,170,514,9165,3525,101,487,588,1475,340,22,631,894,3108,1186,952,803,1030,350
martije01,Jeffery Martin,G,77,195,74,1334,523,53,78,131,65,37,31,49,104,507,214,100,68,88,27
martike02,Kevin Martin,G,79,185,435,13588,8046,290,1248,1538,868,418,57,793,871,5415,2412,2961,2556,1749,666
masonan01,Anthony Mason,F,79,250,861,30498,9619,1901,5344,7245,2956,646,242,1538,2333,6993,3569,3496,2479,12,2
masonro01,Roger Mason,G,76,199,372,6965,2560,59,615,674,537,144,58,278,546,2303,936,273,236,1188,452
maxieja01,Jason Maxiell,F,79,260,386,6753,2247,673,872,1545,143,141,281,294,731,1686,883,861,481,3,0
maxweve01,Vernon Maxwell,G,76,180,697,20257,9271,279,1491,1770,2315,805,134,1342,1482,8424,3300,1992,1475,3697,1196
mayooj01,Ovinton Mayo,G,76,210,235,8098,3751,152,637,789,649,262,56,501,505,3213,1408,674,558,997,377
mayse01,Sean May,F,81,266,119,1868,821,155,326,481,115,53,47,134,236,708,324,228,170,13,3
mbengdj01,Didier Ilunga-Mbenga,C,84,245,234,1564,414,129,222,351,41,37,141,87,286,383,180,89,54,2,0
mccloge01,George McCloud,G-F,78,205,722,17016,6807,647,1653,2300,1724,574,187,1034,1589,5996,2424,1299,1052,2533,907
mccorti01,Timothy McCormick,C,83,240,78,797,294,70,129,199,41,13,14,53,109,220,107,111,80,3,0
mccraro01,Rodney McCray,F-G,79,220,213,5686,1743,355,831,1186,559,130,96,297,482,1505,699,403,305,129,40
mcdyean01,Antonio McDyess,F-C,81,220,1015,28055,12227,2478,5160,7638,1300,782,1102,1620,3077,10161,5046,3178,2128,60,7
mcgeeja01,JaVale McGee,C-F,84,237,214,4304,1673,431,740,1171,75,90,369,214,509,1298,679,508,315,4,0
mcgratr01,Tracy McGrady,G-F,80,210,886,29822,18108,1277,3845,5122,4051,1120,792,1976,1627,15182,6608,5119,3826,3164,1066
mcilvji01,James McIlvaine,C,85,240,401,5927,1072,479,764,1243,105,136,691,231,1052,948,423,408,225,10,1
mckeyde01,Derrick McKey,F-C,81,205,693,19971,7013,1063,2043,3106,1741,810,397,1225,1952,5610,2698,1883,1458,500,159
mcleoke01,Keith McLeod,G,74,190,200,3723,1105,40,228,268,536,145,27,250,359,1018,363,400,320,209,59
mcrobjo01,Joshua McRoberts,F,82,240,155,2427,804,177,416,593,212,77,89,126,281,625,328,170,117,94,31
meeksjo01,Jodie Meeks,G,76,208,134,2781,1055,30,240,270,117,81,9,85,149,838,346,209,183,480,180
milicda01,Darko Milicic,F-C,84,245,438,8166,2681,592,1280,1872,388,197,588,539,1005,2472,1138,697,405,6,0
millean02,Andre Miller,G,74,200,978,33610,14071,1183,2818,4001,7031,1328,193,2569,2366,11293,5180,4426,3573,678,138
millemi01,Michael Miller,F,80,211,733,23231,9676,550,3152,3702,2288,483,206,1366,1691,7664,3544,1679,1290,3215,1298
milleol01,Oliver Miller,C-F,81,280,493,11338,3625,940,1953,2893,1061,454,758,913,1460,2874,1536,858,548,43,5
millsch01,Christopher Mills,F,78,215,568,17282,6357,772,2036,2808,1063,421,247,726,1532,5541,2391,1391,1136,1251,439
millste01,Terry Mills,F,82,230,678,16422,7175,1029,2651,3680,891,397,296,851,1896,6227,2847,1214,948,1387,533
moblecu01,Cuttino Mobley,G,76,190,747,27612,11964,543,2359,2902,2015,878,313,1520,1709,9979,4319,2684,2241,2867,1085
moisoje01,Jerome Moiso,F,82,232,145,1392,386,126,269,395,38,45,68,104,183,323,158,118,70,3,0
moncrsi01,Sidney Moncrief,G,75,180,72,1096,337,31,97,128,104,50,9,66,112,240,117,105,82,64,21
montrer01,Eric Montross,C,84,270,465,8480,2071,716,1443,2159,207,122,275,405,1270,1819,891,604,289,3,0
moonja01,Jamario Moon,F,80,205,278,6330,1789,199,1006,1205,286,228,231,139,419,1544,716,227,182,529,175
morriad01,Adam Morrison,F,80,205,161,3279,1200,82,260,342,222,40,12,172,273,1252,467,200,142,375,124
mortojo01,John Morton,G,75,180,91,1477,463,47,82,129,275,74,19,135,135,367,156,177,145,28,6
motenla01,Lawrence Moten,G,76,185,119,1814,747,80,101,181,182,77,32,126,143,701,286,178,116,197,59
mournal01,Alonzo Mourning,C,82,240,838,25977,14309,2184,4953,7137,946,414,2356,2209,2810,9701,5116,5860,4055,89,22
murdoer01,Eric Murdock,G,73,190,508,11882,5118,339,922,1261,2467,830,69,991,981,4310,1889,1329,1044,863,296
murphtr01,Troy Murphy,F,83,245,656,18715,7604,1326,4148,5474,1030,453,272,853,1763,6167,2748,1957,1535,1475,573
murraro01,Ronald Murray,G,76,190,487,11080,4817,192,815,1007,1096,404,100,742,795,4360,1806,1210,877,1079,328
mustaje01,Terrah Mustaf,F-C,82,238,179,1902,721,145,307,452,99,55,46,144,237,635,285,233,151,2,0
nachbbo01,Bostjan Nachbar,F,81,221,318,5633,2254,127,710,837,283,135,83,280,697,1835,745,559,439,867,325
nailole01,Lee Nailon,F,80,234,306,5819,2622,379,557,936,298,133,53,320,596,2366,1121,482,379,9,1
nancela01,Larry Nance,F-C,82,205,271,9469,4550,675,1576,2251,741,227,696,363,738,3528,1877,982,794,18,2
nashst01,Stephen Nash,G,75,195,1090,34168,15877,587,2698,3285,9251,824,87,3092,1841,11767,5754,3102,2804,3644,1565
nealyed01,Eddie Nealy,F,79,238,148,1386,352,81,245,326,88,52,8,43,132,287,133,74,53,93,33
nesbyty01,Tyrone Nesby,F,78,225,255,6658,2431,295,646,941,370,264,93,269,667,2271,918,523,404,604,191
newblir01,Ira Newble,F,79,220,380,7650,1930,403,711,1114,342,204,105,289,695,1752,782,361,281,249,85
newmajo01,John Newman,F-G,79,190,862,21603,9349,674,1236,1910,1257,766,183,1211,2415,7033,3244,3012,2430,1242,431
normake01,Kenneth Norman,F,80,215,430,12203,5570,864,1685,2549,840,289,272,674,941,4975,2374,1104,602,694,220
novakst01,Steven Novak,F,82,220,226,2190,895,32,215,247,61,35,15,37,144,723,320,46,41,513,214
oaklech01,Charles Oakley,F-C,80,225,898,27912,7521,2443,5370,7813,2207,962,260,1657,3094,6418,2949,1997,1581,173,42
okurme01,Mehmet Okur,C-F,83,249,617,17977,8431,1239,3116,4355,1059,320,449,966,1770,6477,2976,2391,1906,1518,573
olivebr01,Brian Oliver,G,76,210,118,1182,389,31,92,123,114,45,6,78,121,400,155,105,74,22,5
olowomi01,Michael Olowokandi,C,84,269,500,13130,4135,951,2463,3414,327,226,697,898,1518,4109,1788,936,559,0,0
onealsh01,Shaquille ONeal,C,85,300,1207,41922,28596,4209,8890,13099,3026,739,2732,3310,4146,19457,11330,11252,5935,22,1
outlabo01,Charles Outlaw,F-C,80,210,914,20739,4970,1685,2752,4437,1441,855,1193,1056,2164,3534,2005,1837,957,38,3
outlatr01,Travis Outlaw,F,81,210,482,11014,4565,408,1276,1684,431,281,333,447,872,4035,1731,1115,830,793,273
pachuza01,Zaur Pachulia,F-C,83,240,579,11290,3923,1161,1814,2975,501,361,212,733,1524,2867,1319,1757,1285,14,0
packro01,Robert Pack,G,74,180,552,11462,4921,261,851,1112,2556,605,43,1320,1041,4090,1739,1689,1329,390,114
padgesc01,Scott Padgett,F,81,240,448,5613,1874,402,825,1227,325,182,86,253,681,1658,679,375,276,644,240
pargoja01,Jannero Pargo,G,74,170,379,5953,2509,93,478,571,764,198,22,441,517,2521,978,323,278,787,275
parkean01,Anthony Parker,G,76,215,444,12473,4111,231,1205,1436,1009,401,78,445,727,3418,1520,650,525,1336,546
parksch02,Cherokee Parks,C-F,83,230,472,7459,2056,564,1139,1703,265,207,306,281,931,1848,868,495,312,38,8
pattepa01,Patrick Patterson,F,81,235,52,868,328,86,114,200,41,17,37,31,77,267,149,42,30,2,0
pavloal01,Aleksandar Pavlovic,F,79,210,482,7803,2540,178,694,872,466,227,78,426,907,2391,969,489,334,764,268
paxsojo01,John Paxson,G,74,185,247,5290,1581,48,207,255,707,156,16,150,395,1366,709,100,81,203,82
payneke01,Kenneth Payne,F-G,80,195,109,951,394,34,110,144,51,31,16,47,92,424,171,46,39,48,13
peelean01,Anthony Peeler,G,76,208,827,20464,8017,564,1572,2136,1956,775,138,1019,1670,7255,3101,1095,875,2445,940
pekovni01,Nikola Pekovic,F,83,243,65,887,359,90,103,193,27,18,35,91,181,263,136,114,87,0,0
perduwi01,William Perdue,C,84,240,685,11286,3380,1314,2345,3659,538,203,494,733,1401,2603,1377,1104,625,10,1
perryel01,Elliot Perry,G,72,150,549,9501,3449,185,557,742,1699,574,20,780,707,2945,1353,773,605,384,138
perryti01,Timothy Perry,F-C,81,200,359,8210,2772,587,1040,1627,401,181,360,407,677,2314,1105,717,472,284,90
persoch01,Chuck Person,F,80,220,625,17452,7733,553,2036,2589,1522,384,135,1053,1492,6871,3050,985,678,2597,955
peterji01,James Petersen,F-C,82,235,89,1003,322,81,164,245,36,18,47,53,188,276,132,86,57,6,1
petermo01,Morris Peterson,G-F,79,215,711,19369,7628,569,1914,2483,1091,639,136,716,1606,6567,2747,1456,1125,2702,1009
petrojo01,Johan Petro,C,84,247,383,5985,1844,435,1066,1501,166,162,204,312,988,1746,819,317,206,8,0
phillbo01,Bobby Phills,G,77,210,467,13426,5153,411,1058,1469,1246,592,139,711,1106,4416,1957,1215,897,878,342
piatker01,Eric Piatkowski,G-F,79,215,789,14614,5919,508,1208,1716,778,404,115,628,1152,4711,2044,1152,966,2168,865
piercri01,Ricky Pierce,F-G,76,205,486,11834,7315,354,711,1065,975,404,62,766,992,5594,2643,2007,1798,666,231
pippesc01,Scottie Pippen,F-G,79,210,944,33858,15916,1665,4539,6204,5266,1866,733,2649,2556,13119,6184,3669,2623,2790,925
plummga01,Gary Plummer,F-C,81,215,60,737,281,53,120,173,40,14,11,78,141,228,106,95,69,3,0
polynol01,Olden Polynice,C-F,83,220,817,21884,7335,2382,3892,6274,675,422,574,1008,2269,6314,3192,1798,947,20,4
popema01,Mark Pope,F,82,235,153,1637,285,92,169,261,63,32,45,47,242,289,116,75,43,56,10
poseyja01,James Posey,G-F,79,215,864,23254,7419,755,3306,4061,1413,917,299,981,2330,6091,2495,1701,1394,2967,1035
powele01,Leon Powe,F,80,240,238,3320,1484,380,535,915,78,69,82,189,503,951,490,739,504,5,0
poweljo01,Josh Powell,F,81,225,315,3948,1222,331,596,927,161,49,67,253,490,1130,496,300,223,20,7
presspa01,Paul Pressey,G-F,77,185,144,2710,758,80,222,302,443,103,56,217,296,653,290,201,159,82,19
pricebr01,Hartley Price,G,73,165,418,7007,2481,175,509,684,1236,313,16,626,759,1918,818,585,482,938,363
pricema01,William Price,G,72,170,427,12283,6402,208,866,1074,2884,489,48,1075,583,4875,2255,1366,1256,1625,636
princta01,Tayshaun Prince,F-G,81,215,661,22053,8513,865,2231,3096,1771,392,395,798,908,7341,3409,1644,1256,1193,439
profila01,Bronta Profit,G-F,76,204,135,1537,441,52,157,209,166,70,25,116,138,413,173,104,74,89,21
quinnbr01,Brian Quinnett,F,80,235,107,1337,434,81,115,196,65,38,21,68,132,427,182,62,42,84,28
radmavl01,Vladimir Radmanovic,F,82,227,663,15262,5628,610,2003,2613,935,508,244,795,1461,4938,2062,775,588,2405,916
rambiku01,Darrell Rambis,F,80,213,238,2933,701,271,551,822,202,105,75,146,399,527,265,251,171,5,0
randama01,Mark Randall,F,79,230,127,883,332,79,81,160,56,24,8,53,95,289,128,97,70,39,6
rasmubl01,Blair Rasmussen,C,84,250,173,4576,1675,284,842,1126,182,92,190,144,601,1691,782,146,102,34,9
ratlith01,Theophalus Ratliff,F-C,82,225,810,20497,5809,1543,3053,4596,465,393,1969,1001,2288,4451,2207,1965,1395,2,0
recasel01,Eldridge Recasner,G,75,190,296,5121,1732,131,403,534,522,129,12,305,403,1478,629,265,235,584,239
reedju01,Justin Reed,F,80,240,136,1436,472,76,110,186,68,31,19,79,219,431,174,165,124,4,0
reevebr01,Bryant Reeves,C,84,275,395,12071,4945,856,1889,2745,623,200,302,744,1365,4208,1999,1345,945,27,2
reiddo01,Don Reid,F,80,250,403,5374,1454,437,732,1169,143,182,282,253,1135,1099,583,438,288,1,0
respesh01,Shawn Respert,G,73,195,172,2350,851,81,145,226,177,91,7,125,192,760,315,152,124,285,97
reynoje01,Jerry Reynolds,G-F,80,198,145,3193,1645,148,333,481,366,173,79,284,212,1364,562,629,507,68,14
ricegl01,Glen Rice,F-G,79,214,923,32674,17288,846,3189,4035,1959,891,238,1620,2163,13796,6306,3689,3134,3827,1542
richaja01,Jason Richardson,G-F,78,220,751,26302,13496,967,2891,3858,2088,889,325,1401,1787,11571,5118,2591,1842,3803,1418
richapo01,Jerome Richardson,G,73,180,557,16818,6145,380,1210,1590,3626,684,86,1024,986,5942,2620,864,570,1004,335
rideris01,Isaiah Rider,G-F,77,215,563,17851,9405,676,1490,2166,1535,367,136,1425,1327,8085,3583,1935,1572,1896,667
riverda01,David Rivers,G,72,170,15,122,30,10,9,19,21,7,1,17,14,30,10,11,10,1,0
riverdo01,Glenn Rivers,G,76,185,375,8852,3217,145,733,878,1363,545,122,477,966,2766,1157,788,639,793,264
robinbe01,Bernard Robinson,G-F,78,210,128,1909,576,86,229,315,126,109,16,110,215,508,212,187,147,31,5
robinda01,David Robinson,C,85,235,905,31269,18797,2780,6734,9514,2277,1250,2635,2160,2576,12921,6675,7364,5422,98,25
robined01,Eddie Robinson,G-F,80,204,278,5344,1938,241,523,764,252,216,91,215,345,1681,852,306,226,32,8
robingl01,Glenn Robinson,F,79,225,688,25346,14234,1027,3162,4189,1879,826,389,2147,1847,12129,5571,3016,2472,1823,620
robinna01,Nathaniel Robinson,G,69,180,397,9120,4468,303,728,1031,1024,342,23,569,983,3767,1602,944,749,1459,515
robinru01,Rumeal Robinson,G,74,195,336,6098,2546,164,442,606,1179,301,54,580,599,2345,1014,665,406,326,112
rogerca01,Carlos Rogers,C-F,82,220,298,5654,2196,503,769,1272,182,128,235,297,515,1658,888,690,388,124,32
rogerro02,Roy Rogers,F,82,235,137,2309,652,180,303,483,57,26,209,101,268,596,288,141,75,2,1
rollitr01,Wayne Rollins,C,85,235,234,2008,322,150,314,464,47,36,168,78,281,255,120,117,82,2,0
rondora01,Rajon Rondo,F,73,171,384,12274,4099,439,1248,1687,2903,748,54,973,879,3496,1699,1041,648,219,53
roseja01,Jalen Rose,G,80,210,923,27926,13220,491,2702,3193,3527,729,315,2102,2408,10945,4852,3457,2770,2102,746
rossqu01,Quinton Ross,G,78,193,458,8457,1863,267,680,947,431,263,129,217,854,1825,764,402,286,154,49
roybr01,Brandon Roy,G,78,215,321,11438,6107,344,1030,1374,1494,332,75,588,625,4813,2213,1697,1359,915,322
ruffitr01,Trevor Ruffin,G,73,185,110,1870,1011,29,126,155,317,57,4,196,184,845,347,220,175,383,142
rushbr01,Brandon Rush,G,78,210,224,6046,1991,108,688,796,240,135,137,237,394,1792,757,261,182,734,295
russebr01,Bryon Russell,F,79,225,841,19804,6663,752,2162,2914,1085,874,203,835,1984,5272,2274,1906,1430,1856,685
sallejo01,John Salley,F-C,83,230,435,9686,3036,664,1220,1884,607,263,496,558,1370,2210,1075,1205,884,7,2
salmojo01,John Salmons,G-F,78,210,674,18150,6831,358,1720,2078,1704,612,184,996,1298,5560,2456,1731,1396,1418,523
sandela01,Larry Sanders,F,83,235,60,872,260,59,119,178,16,22,72,38,117,268,116,50,28,0,0
schindw01,Dwayne Schintzius,C,85,260,217,1950,587,167,369,536,93,30,117,119,321,633,256,116,74,8,1
schrede01,Detlef Schrempf,F-C,81,214,762,24907,11815,1337,3891,5228,2999,629,219,1653,2290,8180,4049,4067,3307,1045,410
scolalu01,Luis Scola Balvoa,F,81,245,320,9592,4572,696,1862,2558,583,239,100,538,969,3688,1898,1050,775,14,1
scottde01,Dennis Scott,G-F,80,229,629,17983,8094,367,1407,1774,1296,525,197,768,1275,7111,2962,1206,956,3060,1214
sealyma01,Malik Sealy,F-G,80,190,493,11720,4955,505,1080,1585,816,518,157,681,1087,4375,1865,1319,1067,541,158
seikaro01,Rony Seikaly,C,83,230,526,17024,7915,1685,3424,5109,727,329,652,1477,1825,5828,2828,3176,2254,27,5
sellebr01,Bradley Sellers,C-F,84,210,97,759,237,42,83,125,60,7,21,42,60,218,90,65,57,2,0
serapke01,Kevin Seraphin,F,81,275,58,635,154,80,72,152,10,17,28,42,126,147,66,31,22,0,0
shaskjo01,John Shasky,C,83,235,57,510,150,58,76,134,11,14,20,27,75,116,51,79,48,0,0
sikmaja01,Jack Sikma,C-F,83,230,77,1940,802,108,333,441,143,65,64,130,218,691,295,197,166,135,46
simmoli01,Lionel Simmons,F-G,79,210,454,13472,5833,798,2035,2833,1498,514,361,982,1106,5179,2242,1694,1306,141,43
singlja01,James Singleton,F,80,215,231,2991,856,296,533,829,94,88,109,130,363,708,321,219,181,111,33
skinnbr01,Brian Skinner,F-C,81,255,607,10904,2876,919,1922,2841,288,256,532,519,1269,2418,1194,858,486,6,2
smithch03,Chris Smith,G,75,190,224,3956,1140,61,230,291,627,118,56,219,346,976,425,324,231,161,59
smithcr01,Craig Smith,F,79,250,356,6364,2924,510,951,1461,303,167,86,389,902,2090,1162,910,599,26,1
smithdo03,Douglas Smith,F,82,220,296,5833,2356,394,840,1234,400,224,150,353,979,2399,1020,405,313,36,3
smithja01,Jabari Smith,C,83,240,108,1063,329,49,129,178,66,37,26,54,166,303,125,113,78,8,1
smithjo02,Joseph Smith,F,82,225,1029,26996,11203,2453,4113,6566,1010,606,867,1288,2971,9508,4325,3192,2523,126,30
smithke01,Kenneth Smith,G,75,170,516,14477,6210,174,759,933,2573,486,42,1047,729,4664,2271,1269,1088,1415,580
smithla02,LaBradford Smith,G,75,200,183,3131,1218,90,181,271,394,142,15,216,372,1122,485,267,217,104,31
smithmi02,Michael Smith,F,80,230,449,10552,2527,1122,2071,3193,661,361,248,526,1137,1767,950,1183,626,7,1
smithto02,Charles Smith,G,75,185,457,7295,2504,324,411,735,881,319,79,442,717,2362,1017,507,350,391,120
smitsri01,Rik Smits,C,88,250,703,18655,10644,1211,3054,4265,1003,290,791,1306,2373,8748,4400,2380,1841,24,3
snydeki01,Kirk Snyder,G,78,225,211,3540,1333,152,340,492,241,86,69,207,328,1116,489,376,263,281,92
solomwi01,William Solomon,G,73,185,115,1593,584,24,108,132,225,62,11,116,147,576,218,107,74,248,74
speigma01,Marreese Speights,C,82,245,205,3011,1484,272,483,755,97,64,109,137,453,1237,608,350,265,17,3
spencel01,Elmore Spencer,C,84,270,157,2641,923,127,428,555,109,53,170,249,336,754,389,250,145,3,0
splitti01,Tiago Splitter Beims,F,83,232,60,738,278,72,129,201,26,29,17,32,91,191,101,140,76,1,0
sprewla01,Latrell Sprewell,G,77,190,913,35269,16712,770,2954,3724,3664,1294,396,2450,1689,14294,6076,4298,3456,3272,1104
stackje01,Jerry Stackhouse,G-F,78,218,903,29405,16119,915,2096,3011,3191,852,430,2604,1767,12910,5283,5613,4608,3075,945
stepavl01,Vladimir Stepania,C,84,236,270,3726,1118,444,736,1180,94,110,144,213,482,1071,455,384,206,15,2
stewala01,Larry Stewart,F,80,220,270,5415,2005,444,633,1077,338,147,106,346,580,1503,765,619,466,44,9
stithbr01,Bryant Stith,G,77,208,586,16417,5946,605,1378,1983,1178,594,130,776,1092,4767,2021,1900,1598,931,306
stojape01,Predrag Stojakovic,F-G,81,220,804,26970,13647,747,3035,3782,1408,747,106,1090,1397,10719,4825,2500,2237,4392,1760
stoudda01,Damon Stoudamire,G,70,171,878,29107,11763,703,2336,3039,5371,953,81,2040,1705,10662,4329,2244,1869,3464,1236
stoudsa01,Charles Stoudamire,G,73,179,157,2677,1260,22,192,214,164,55,10,158,240,1097,446,228,201,456,167
stricma01,Mark Strickland,F,81,210,281,3415,1281,268,503,771,102,79,110,163,321,1105,539,301,201,9,2
stricro02,Rodney Strickland,G,75,175,931,30135,12874,1031,2634,3665,7200,1391,198,2544,1746,10605,4810,4250,3086,602,168
sundvjo01,Jon Sundvold,G,74,170,27,233,115,3,6,9,26,7,0,16,13,110,44,11,11,36,16
suttogr01,Gregory Sutton,G,74,170,168,1946,761,22,131,153,284,84,13,183,317,687,272,136,101,321,116
tabakza01,Zan Tabak,C,84,245,247,3607,1233,325,558,883,165,65,126,269,577,1062,537,303,159,3,0
tayloma01,Maurice Taylor,F,81,260,534,13324,5889,791,1661,2452,623,246,259,973,1603,5298,2471,1324,942,33,5
teaguje01,Jeffrey Teague,G,74,180,141,1682,589,16,153,169,260,79,36,114,164,531,223,146,118,80,25
telfase01,Sebastian Telfair,G,72,165,429,9949,3350,116,579,695,1624,325,52,709,943,3177,1243,780,607,818,257
thabeha01,Hasheem Thabeet,C,87,267,115,1256,261,109,209,318,15,24,105,60,238,171,94,128,73,0,0
theusre01,Reggie Theus,G,78,190,81,2955,1510,69,160,229,378,85,35,252,231,1247,583,343,292,144,52
thomais01,Isiah Thomas,G,73,180,263,9247,4468,220,578,798,2076,384,49,923,660,3950,1697,1242,930,475,144
thomaji01,James Thomas,G,74,190,3,14,2,0,0,0,1,1,0,1,0,4,1,0,0,0,0
thomaku01,Kurt Thomas,F,81,230,1018,25965,8716,1859,5192,7051,1137,690,794,1202,3404,7655,3718,1668,1272,31,8
thompbi01,William Thompson,F,79,195,74,1482,499,120,192,312,111,32,48,117,161,411,205,124,89,4,0
thompla01,LaSalle Thompson,C-F,82,245,363,5623,1533,430,1089,1519,345,194,165,415,902,1434,660,290,212,8,1
thornal01,Al Thornton,F,79,220,296,8282,3527,392,841,1233,353,185,152,424,772,3028,1368,954,713,266,78
thornbo01,Robert Thornton,F-C,82,225,21,147,23,9,20,29,1,1,3,10,26,26,6,14,11,0,0
threase01,Sedale Threatt,G,74,175,487,13712,5677,189,832,1021,2331,670,80,756,1202,4793,2361,976,802,467,153
tisdawa01,Wayman Tisdale,F-C,80,240,441,11683,6105,669,1694,2363,542,219,290,610,1403,5264,2595,1184,915,5,0
tolbeto01,Byron Tolbert,F-C,79,235,228,4216,1374,277,590,867,220,91,80,266,530,1168,522,427,306,77,24
tollian01,Anthony Tolliver,C,80,240,130,2996,1025,188,468,656,186,65,62,102,289,827,353,275,213,308,106
toneyse01,Sedric Toney,G,74,178,12,64,6,1,2,3,11,0,0,5,8,12,2,2,2,1,0
trentga01,Gary Trent,F,80,250,506,9865,4366,842,1434,2276,504,223,174,599,1096,3580,1792,1210,778,50,4
tsakaja01,Iakovos Tsakalidis,C,86,283,315,5004,1497,436,801,1237,101,73,223,268,689,1184,580,513,337,1,0
turiaro01,Ronny Turiaf,F,82,249,358,6421,1888,400,960,1360,547,140,491,291,932,1369,724,647,440,7,0
turkohe01,Hidayet Turkoglu,G-F,80,202,833,23753,10067,604,2954,3558,2506,660,264,1379,2137,8180,3503,2515,1989,2775,1072
udokaim01,Ime Udoka,G-F,78,215,316,5713,1635,219,707,926,311,208,54,220,525,1471,614,268,189,612,218
upshake01,Kelvin Upshaw,G,74,180,48,514,270,20,35,55,86,28,5,39,77,231,104,64,55,29,7
vandeki01,Ernest Vandeweghe,F,80,220,183,3870,1947,121,195,316,192,70,25,155,254,1513,738,435,382,244,89
vanhoke01,Keith Van Horn,F,81,220,575,18150,9206,1122,2787,3909,900,472,295,1262,1736,7659,3396,2177,1817,1655,597
vaughja01,Jacque Vaughn,G,72,190,775,12660,3463,148,880,1028,1919,403,15,792,1266,3028,1300,986,768,270,95
villach01,Charlie Villanueva,F,83,240,428,10781,5434,677,1718,2395,440,254,263,537,1181,4760,2131,892,705,1346,467
vincesa01,James Vincent,G,74,185,88,1860,817,36,172,208,345,65,9,163,129,702,302,250,209,32,4
voskuja01,Robert Voskuhl,C,83,245,450,6445,1814,562,977,1539,237,148,166,340,1166,1381,673,654,467,3,1
vrankst01,Stojan Vrankovic,C,86,260,170,2050,473,155,361,516,59,22,179,132,318,413,197,132,79,0,0
wadedw01,Dwyane Wade,G,76,210,547,20537,13910,717,2066,2783,3472,973,548,1986,1397,10062,4876,5006,3849,1057,309
wafervo01,Vakeaton Wafer,G,77,210,167,2005,860,32,157,189,117,63,16,93,129,771,319,175,134,275,88
walkebi01,William Walker,G-F,78,220,125,1770,715,39,200,239,87,50,11,83,215,526,260,116,86,270,109
walkeke01,Kenneth Walker,F,80,210,151,2434,638,200,293,493,53,49,94,89,290,507,233,235,172,4,0
walkesa01,Samaki Walker,F,81,240,445,7614,2376,627,1462,2089,252,134,316,403,895,2026,936,798,503,9,1
wallabe01,Ben Wallace,F,81,240,1025,31078,6161,3361,6844,10205,1394,1322,2083,1025,2015,5332,2532,2630,1091,47,6
wallajo01,John Wallace,F,80,225,381,6143,2901,328,733,1061,281,134,216,470,706,2496,1152,786,582,50,15
walljo01,Johnathan Wall,G,76,195,69,2606,1131,35,282,317,574,121,35,261,175,972,398,393,301,115,34
waltere01,Rex Walters,G,76,190,335,4602,1547,81,322,403,569,129,30,291,439,1296,572,267,216,518,187
wardch01,Charlie Ward,G,74,190,630,14081,3947,242,1406,1648,2539,776,128,1038,1276,3428,1400,659,508,1754,639
warriha01,Hakim Warrick,F,81,219,463,9636,4528,640,1296,1936,344,197,146,558,897,3282,1635,1705,1238,97,20
watsoja01,Jamie Watson,F,79,190,102,1248,323,39,110,149,117,65,17,93,151,269,126,85,59,38,12
webbsp01,Anthony Webb,G,66,130,457,13777,5673,216,873,1089,2740,568,74,1039,995,4539,2015,1539,1329,941,314
webstma02,Martell Webster,F-G,79,210,347,8048,2998,209,872,1081,291,171,110,320,629,2476,1022,646,496,1214,458
weemsso01,Clarence Weems,G-F,78,203,140,2837,1082,81,268,349,208,74,27,157,221,996,472,166,119,79,19
wellsbo01,Gawen Wells,G-F,77,210,591,15137,7147,800,1937,2737,1249,769,192,1215,1526,6111,2814,1860,1296,683,223
welscji01,Jiri Welsch,G,79,208,247,4596,1519,120,482,602,375,187,15,262,394,1280,516,491,369,344,118
wennibi01,William Wennington,C,84,245,451,6605,2322,443,921,1364,304,161,151,267,1114,2163,1002,386,315,15,3
westbru01,Russell Westbrook,G,75,187,246,8331,4371,442,737,1179,1757,373,80,858,602,3645,1535,1481,1209,336,92
westda01,David West,F,81,240,530,17164,8690,1108,2745,3853,1042,401,434,931,1386,7090,3476,2030,1704,129,34
westdo01,Jeffery West,G-F,78,200,624,16271,6342,508,1092,1600,1274,449,183,792,1801,5338,2578,1438,1152,183,34
whatlen01,Ennis Whatley,G,75,175,135,1527,435,37,116,153,272,92,5,112,147,344,167,129,99,18,2
whitnch01,Christopher Whitney,G,72,168,579,10052,3738,97,718,815,1613,351,32,619,984,3110,1227,837,732,1528,552
wiggimi01,Mitchell Wiggins,G,76,185,49,569,211,43,51,94,22,20,1,25,67,229,88,51,35,1,0
wileymo01,Morlon Wiley,G,76,185,204,2797,738,63,179,242,532,173,8,214,318,701,283,96,65,297,107
wilkied01,Eddie Wilkins,F-C,82,220,94,860,437,83,137,220,17,24,8,67,125,352,169,168,99,3,0
wilkige01,Gerald Wilkins,G-F,78,185,495,13575,5432,429,830,1259,1252,451,116,741,996,4947,2159,1109,858,797,256
wilksmi01,Michael Wilks,G,70,180,233,2239,591,57,171,228,271,82,10,116,215,540,217,166,123,106,34
willial02,Alvin Williams,G,77,185,460,12612,4161,252,888,1140,1877,549,109,623,897,3950,1664,822,625,664,208
willico02,Corliss Williamson,F,79,245,822,18749,9147,1214,1969,3183,972,462,261,1316,2250,7355,3603,2710,1935,44,6
willide01,Deron Williams,G,75,210,451,16090,7756,224,1238,1462,4156,476,105,1380,1218,6017,2784,2056,1661,1486,527
willier01,Eric Williams,F,80,220,658,15732,5642,704,1435,2139,936,548,103,789,1596,4490,1865,2301,1693,688,219
williho01,John Williams,F-C,83,215,566,16606,5444,1296,2427,3723,1059,464,843,720,1451,4351,2053,1882,1337,13,1
willija02,Jason Williams,G,73,190,787,23184,8266,192,1618,1810,4611,933,60,1643,1100,7698,3065,1104,898,3784,1238
willilo01,Lorenzo Williams,F-C,81,200,253,5535,757,693,910,1603,247,134,350,236,732,721,338,215,81,2,0
willima01,Maurice Williams,G,73,185,537,16421,7459,290,1366,1656,2702,509,76,1259,1378,6348,2809,1312,1137,1822,704
willima03,Marcus Williams,G,75,205,204,3108,1130,57,307,364,574,87,9,296,199,1109,428,193,148,392,126
willimi02,Micheal Williams,G,74,175,336,9716,4250,279,712,991,2234,682,91,863,990,2922,1363,1687,1478,199,46
willisc01,Scott Williams,C-F,82,230,746,12220,3825,1281,2225,3506,431,393,421,545,1916,3402,1589,890,642,45,5
willise01,Sean Williams,F-C,82,235,125,1860,539,169,275,444,42,43,152,110,304,427,214,184,111,1,0
willish02,Shelden Williams,F,81,250,261,3594,1152,314,675,989,109,114,103,201,493,894,412,439,326,9,2
williwa02,Walter Williams,F-G,80,219,708,18818,8385,764,2030,2794,1637,658,406,1321,2046,7013,2978,1956,1453,2575,976
winchke01,Kennard Winchester,G-F,77,210,122,1028,417,57,74,131,46,28,25,47,115,414,172,77,60,41,13
wingfdo01,Dontonio Wingfield,F,80,256,114,1146,423,121,154,275,76,39,15,89,191,404,157,86,62,152,47
wittmra01,Randy Wittman,G-F,78,210,65,470,91,7,35,42,36,12,4,13,13,98,43,8,5,5,0
woodslo01,Loren Woods,C,85,245,215,2427,555,263,419,682,74,55,128,138,278,496,208,215,138,7,1
woodsmi01,Michael Woodson,G-F,77,195,15,171,64,3,10,13,15,5,5,12,18,77,26,13,11,7,1
woolror01,Orlando Woolridge,F,81,215,267,7446,4111,440,664,1104,461,178,139,506,607,3262,1595,1271,919,36,2
worthja01,James Worthy,F,81,225,294,9072,4778,326,763,1089,959,317,103,488,373,4442,2016,816,649,355,97
wrighbr03,Brandan Wright,F,81,205,113,1440,611,130,214,344,41,39,76,50,143,474,251,154,109,4,0
wrighdo01,Dorell Wright,F,79,210,293,7272,2677,230,979,1209,501,255,182,303,478,2296,1015,476,380,728,267
wrighlo02,Lorenzen Wright,F-C,83,225,779,18537,6191,1688,3255,4943,622,471,572,877,2275,5573,2556,1670,1077,29,2
youngda01,Danny Young,G,75,175,209,2833,775,52,150,202,444,131,16,131,146,710,281,145,127,254,86
youngsa01,Samuel Young,G-F,78,220,158,2898,1167,117,271,388,123,102,43,155,226,991,457,291,225,106,28
youngth01,Thaddeus Young,F,80,220,298,8416,3726,542,933,1475,323,344,72,407,594,3110,1579,631,452,343,116
